1,2022/01/02 16:00,research,go to lab and research,1,1,1,0,0,0,0,0,0,0
2,2022/01/02 16:30,research,go to lab and research,1,1,1,0.5,0,0,0,0,0,0
3,2022/01/02 17:00,research,go to lab and research,1,1,1,1,0,0,0,0,0,0
4,2022/01/02 17:30,research,go to lab and research,1,1,1,1.5,0,0,0,0,0,0
5,2022/01/02 18:00,research,go to lab and research,1,1,1,2,0,0,0,0,0,0
6,2022/01/02 18:30,research,go to lab and research,1,1,1,2.5,0,0,0,0,0,0
7,2022/01/02 19:00,research,go to lab and research,1,1,1,3,0,0,0,0,0,0
8,2022/01/02 19:30,research,go to lab and research,1,1,1,3.5,0,0,0,0,0,0
9,2022/01/02 20:00,research,go to lab and research,1,1,1,4,0,0,0,0,0,0
10,2022/01/02 20:30,research,go to lab and research,1,1,1,4.5,0,0,0,0,0,0
11,2022/01/02 21:00,research,go to lab and research,1,1,1,5,0,0,0,0,0,0
12,2022/01/02 21:30,research,go to lab and research,1,1,1,5.5,0,0,0,0,0,0
13,2022/01/02 22:00,research,go to lab and research,1,1,1,6,0,0,0,0,0,0
14,2022/01/02 22:30,research,go to lab and research,1,1,1,6.5,0,0,0,0,0,0
15,2022/01/02 23:00,research,go to lab and research,1,1,1,0,0,0,0,0,0,0
16,2022/01/02 23:30,research,go to lab and research,1,1,1,0.5,0,0,0,0,0,0
17,2022/01/03 0:00,research,go to lab and research,1,1,1,1,0,0,0,0,0,0
18,2022/01/03 0:30,research,go to lab and research,1,1,1,1.5,0,0,0,0,0,0
19,2022/01/03 1:00,research,go to lab and research,1,1,1,2,0,0,0,0,0,0
20,2022/01/03 1:30,research,go to lab and research,1,1,1,2.5,0,0,0,0,0,0
21,2022/01/03 2:00,research,go to lab and research,1,1,1,3,0,0,0,0,0,0
22,2022/01/03 2:30,research,go to lab and research,1,1,1,3.5,0,0,0,0,0,0
23,2022/01/03 3:00,research,go to lab and research,1,1,1,4,0,0,0,0,0,0
24,2022/01/03 3:30,research,go to lab and research,1,1,1,4.5,0,0,0,0,0,0
25,2022/01/03 4:00,research,go to lab and research,1,1,1,5,0,0,0,0,0,0
26,2022/01/03 4:30,research,go to lab and research,1,1,1,5.5,0,0,0,0,0,0
27,2022/01/03 5:00,research,go to lab and research,1,1,1,6,0,0,0,0,0,0
28,2022/01/03 5:30,research,go to lab and research,1,1,1,6.5,0,0,0,0,0,0
29,2022/01/03 6:00,research,go to lab and research,1,1,1,0,0,0,0,0,0,0
30,2022/01/03 6:30,research,go to lab and research,1,1,1,0.5,0,0,0,0,0,0
31,2022/01/03 7:00,research,go to lab and research,1,1,1,1,0,0,0,0,0,0
32,2022/01/03 7:30,research,go to lab and research,1,1,1,1.5,0,0,0,0,0,0
33,2022/01/03 8:00,research,go to lab and research,1,1,1,2,0,0,0,0,0,0
34,2022/01/03 8:30,research,go to lab and research,1,1,1,2.5,0,0,0,0,0,0
35,2022/01/03 9:00,research,go to lab and research,1,1,1,3,0,0,0,0,0,0
36,2022/01/03 9:30,research,go to lab and research,1,1,1,3.5,0,0,0,0,0,0
37,2022/01/03 10:00,research,go to lab and research,1,1,1,4,0,0,0,0,0,0
38,2022/01/03 10:30,research,go to lab and research,1,1,1,4.5,0,0,0,0,0,0
39,2022/01/03 11:00,research,go to lab and research,1,1,1,5,0,0,0,0,0,0
40,2022/01/03 11:30,research,go to lab and research,1,1,1,5.5,0,0,0,0,0,0
41,2022/01/03 12:00,research,go to lab and research,1,1,1,6,0,0,0,0,0,0
42,2022/01/03 12:30,research,go to lab and research,1,1,1,6.5,0,0,0,0,0,0
43,2022/01/03 13:00,research,go to lab and research,1,1,1,0,0,0,0,0,0,0
44,2022/01/03 13:30,research,go to lab and research,1,1,1,0.5,0,0,0,0,0,0
45,2022/01/03 14:00,research,go to lab and research,1,1,1,1,0,0,0,0,0,0
46,2022/01/03 14:30,research,go to lab and research,1,1,1,1.5,0,0,0,0,0,0
47,2022/01/03 15:00,research,go to lab and research,1,1,1,2,0,0,0,0,0,0
48,2022/01/03 15:30,research,go to lab and research,1,1,1,2.5,0,0,0,0,0,0
49,2022/01/03 16:00,research,go to lab and research,1,1,1,3,0,0,0,0,0,0
50,2022/01/03 16:30,research,go to lab and research,1,1,1,3.5,0,0,0,0,0,0
51,2022/01/03 17:00,research,go to lab and research,1,1,1,4,0,0,0,0,0,0
52,2022/01/03 17:30,research,go to lab and research,1,1,1,4.5,0,0,0,0,0,0
53,2022/01/03 18:00,research,go to lab and research,1,1,1,5,0,0,0,0,0,0
54,2022/01/03 18:30,research,go to lab and research,1,1,1,5.5,0,0,0,0,0,0
55,2022/01/03 19:00,research,go to lab and research,1,1,1,6,0,0,0,0,0,0
56,2022/01/03 19:30,research,go to lab and research,1,1,1,6.5,0,0,0,0,0,0
57,2022/01/03 20:00,research,go to lab and research,1,1,1,0,0,0,0,0,0,0
58,2022/01/03 20:30,research,go to lab and research,1,1,1,0.5,0,0,0,0,0,0
59,2022/01/03 21:00,research,go to lab and research,1,1,1,1,0,0,0,0,0,0
60,2022/01/03 21:30,research,go to lab and research,1,1,1,1.5,0,0,0,0,0,0
61,2022/01/03 22:00,research,go to lab and research,1,1,1,2,0,0,0,0,0,0
62,2022/01/03 22:30,research,go to lab and research,1,1,1,2.5,0,0,0,0,0,0
63,2022/01/03 23:00,research,go to lab and research,1,1,1,3,0,0,0,0,0,0
64,2022/01/03 23:30,research,go to lab and research,1,1,1,3.5,0,0,0,0,0,0
65,2022/01/04 0:00,research,go to lab and research,1,1,1,4,0,0,0,0,0,0
66,2022/01/04 0:30,research,go to lab and research,1,1,1,4.5,0,0,0,0,0,0
67,2022/01/04 1:00,research,go to lab and research,1,1,1,5,0,0,0,0,0,0
68,2022/01/04 1:30,research,go to lab and research,1,1,1,5.5,0,0,0,0,0,0
69,2022/01/04 2:00,research,go to lab and research,1,1,1,6,0,0,0,0,0,0
70,2022/01/04 2:30,research,go to lab and research,1,1,1,6.5,0,0,0,0,0,0
71,2022/01/04 3:00,research,go to lab and research,1,1,1,0,0,0,0,0,0,0
72,2022/01/04 3:30,research,go to lab and research,1,1,1,0.5,0,0,0,0,0,0
73,2022/01/04 4:00,research,go to lab and research,1,1,1,1,0,0,0,0,0,0
74,2022/01/04 4:30,research,go to lab and research,1,1,1,1.5,0,0,0,0,0,0
75,2022/01/04 5:00,research,go to lab and research,1,1,1,2,0,0,0,0,0,0
76,2022/01/04 5:30,research,go to lab and research,1,1,1,2.5,0,0,0,0,0,0
77,2022/01/04 6:00,research,go to lab and research,1,1,1,3,0,0,0,0,0,0
78,2022/01/04 6:30,research,go to lab and research,1,1,1,3.5,0,0,0,0,0,0
79,2022/01/04 7:00,research,go to lab and research,1,1,1,4,0,0,0,0,0,0
80,2022/01/04 7:30,research,go to lab and research,1,1,1,4.5,0,0,0,0,0,0
81,2022/01/04 8:00,research,go to lab and research,1,1,1,5,0,0,0,0,0,0
82,2022/01/04 8:30,research,go to lab and research,1,1,1,5.5,0,0,0,0,0,0
83,2022/01/04 9:00,research,go to lab and research,1,1,1,6,0,0,0,0,0,0
84,2022/01/04 9:30,research,go to lab and research,1,1,1,6.5,0,0,0,0,0,0
85,2022/01/04 10:00,research,go to lab and research,1,1,1,0,0,0,0,0,0,0
86,2022/01/04 10:30,research,go to lab and research,1,1,1,0.5,0,0,0,0,0,0
87,2022/01/04 11:00,research,go to lab and research,1,1,1,1,0,0,0,0,0,0
88,2022/01/04 11:30,research,go to lab and research,1,1,1,1.5,0,0,0,0,0,0
89,2022/01/04 12:00,research,go to lab and research,1,1,1,2,0,0,0,0,0,0
90,2022/01/04 12:30,research,go to lab and research,1,1,1,2.5,0,0,0,0,0,0
91,2022/01/04 13:00,research,go to lab and research,1,1,1,3,0,0,0,0,0,0
92,2022/01/04 13:30,research,go to lab and research,1,1,1,3.5,0,0,0,0,0,0
93,2022/01/04 14:00,research,go to lab and research,1,1,1,4,0,0,0,0,0,0
94,2022/01/04 14:30,research,go to lab and research,1,1,1,4.5,0,0,0,0,0,0
95,2022/01/04 15:00,research,go to lab and research,1,1,1,5,0,0,0,0,0,0
96,2022/01/04 15:30,research,go to lab and research,1,1,1,5.5,0,0,0,0,0,0
97,2022/01/04 16:00,research,go to lab and research,1,1,1,6,0,0,0,0,0,0
98,2022/01/04 16:30,research,go to lab and research,1,1,1,6.5,0,0,0,0,0,0
99,2022/01/04 17:00,research,go to lab and research,1,1,1,0,0,0,0,0,0,0
100,2022/01/04 17:30,research,go to lab and research,1,1,1,0.5,0,0,0,0,0,0
101,2022/01/04 18:00,research,go to lab and research,1,1,1,1,0,0,0,0,0,0
102,2022/01/04 18:30,research,go to lab and research,1,1,1,1.5,0,0,0,0,0,0
103,2022/01/04 19:00,research,go to lab and research,1,1,1,2,0,0,0,0,0,0
104,2022/01/04 19:30,research,go to lab and research,1,1,1,2.5,0,0,0,0,0,0
105,2022/01/04 20:00,research,go to lab and research,1,1,1,3,0,0,0,0,0,0
106,2022/01/04 20:30,research,go to lab and research,1,1,1,3.5,0,0,0,0,0,0
107,2022/01/04 21:00,research,go to lab and research,1,1,1,4,0,0,0,0,0,0
108,2022/01/04 21:30,research,go to lab and research,1,1,1,4.5,0,0,0,0,0,0
109,2022/01/04 22:00,research,go to lab and research,1,1,1,5,0,0,0,0,0,0
110,2022/01/04 22:30,research,go to lab and research,1,1,1,5.5,0,0,0,0,0,0
111,2022/01/04 23:00,research,go to lab and research,1,1,1,6,0,0,0,0,0,0
112,2022/01/04 23:30,research,go to lab and research,1,1,1,6.5,0,0,0,0,0,0
113,2022/01/05 0:00,research,go to lab and research,1,1,1,0,0,0,0,0,0,0
114,2022/01/05 0:30,research,go to lab and research,1,1,1,0.5,0,0,0,0,0,0
115,2022/01/05 1:00,research,go to lab and research,1,1,1,1,0,0,0,0,0,0
116,2022/01/05 1:30,research,go to lab and research,1,1,1,1.5,0,0,0,0,0,0
117,2022/01/05 2:00,research,go to lab and research,1,1,1,2,0,0,0,0,0,0
118,2022/01/05 2:30,research,go to lab and research,1,1,1,2.5,0,0,0,0,0,0
119,2022/01/05 3:00,research,go to lab and research,1,1,1,3,0,0,0,0,0,0
120,2022/01/05 3:30,research,go to lab and research,1,1,1,3.5,0,0,0,0,0,0
121,2022/01/05 4:00,research,go to lab and research,1,1,1,4,0,0,0,0,0,0
122,2022/01/05 4:30,research,go to lab and research,1,1,1,4.5,0,0,0,0,0,0
123,2022/01/05 5:00,research,go to lab and research,1,1,1,5,0,0,0,0,0,0
124,2022/01/05 5:30,research,go to lab and research,1,1,1,5.5,0,0,0,0,0,0
125,2022/01/05 6:00,research,go to lab and research,1,1,1,6,0,0,0,0,0,0
126,2022/01/05 6:30,research,go to lab and research,1,1,1,6.5,0,0,0,0,0,0
127,2022/01/05 7:00,research,go to lab and research,1,1,1,0,0,0,0,0,0,0
128,2022/01/05 7:30,research,go to lab and research,1,1,1,0.5,0,0,0,0,0,0
129,2022/01/05 8:00,research,go to lab and research,1,1,1,1,0,0,0,0,0,0
130,2022/01/05 8:30,research,go to lab and research,1,1,1,1.5,0,0,0,0,0,0
131,2022/01/05 9:00,research,go to lab and research,1,1,1,2,0,0,0,0,0,0
132,2022/01/05 9:30,research,go to lab and research,1,1,1,2.5,0,0,0,0,0,0
133,2022/01/05 10:00,research,go to lab and research,1,1,1,3,0,0,0,0,0,0
134,2022/01/05 10:30,research,go to lab and research,1,1,1,3.5,0,0,0,0,0,0
135,2022/01/05 11:00,research,go to lab and research,1,1,1,4,0,0,0,0,0,0
136,2022/01/05 11:30,research,go to lab and research,1,1,1,4.5,0,0,0,0,0,0
137,2022/01/05 12:00,research,go to lab and research,1,1,1,5,0,0,0,0,0,0
138,2022/01/05 12:30,research,go to lab and research,1,1,1,5.5,0,0,0,0,0,0
139,2022/01/05 13:00,research,go to lab and research,1,1,1,6,0,0,0,0,0,0
140,2022/01/05 13:30,research,go to lab and research,1,1,1,6.5,0,0,0,0,0,0
141,2022/01/05 14:00,research,go to lab and research,1,1,1,0,0,0,0,0,0,0
142,2022/01/05 14:30,research,go to lab and research,1,1,1,0.5,0,0,0,0,0,0
143,2022/01/05 15:00,research,go to lab and research,1,1,1,1,0,0,0,0,0,0
144,2022/01/05 15:30,research,go to lab and research,1,1,1,1.5,0,0,0,0,0,0
145,2022/01/05 16:00,research,go to lab and research,1,1,1,2,0,0,0,0,0,0
146,2022/01/05 16:30,research,go to lab and research,1,1,1,2.5,0,0,0,0,0,0
147,2022/01/05 17:00,research,go to lab and research,1,1,1,3,0,0,0,0,0,0
148,2022/01/05 17:30,research,go to lab and research,1,1,1,3.5,0,0,0,0,0,0
149,2022/01/05 18:00,research,go to lab and research,1,1,1,4,0,0,0,0,0,0
150,2022/01/05 18:30,research,go to lab and research,1,1,1,4.5,0,0,0,0,0,0
151,2022/01/05 19:00,research,go to lab and research,1,1,1,5,0,0,0,0,0,0
152,2022/01/05 19:30,research,go to lab and research,1,1,1,5.5,0,0,0,0,0,0
153,2022/01/05 20:00,research,go to lab and research,1,1,1,6,0,0,0,0,0,0
154,2022/01/05 20:30,research,go to lab and research,1,1,1,6.5,0,0,0,0,0,0
155,2022/01/05 21:00,research,go to lab and research,1,1,1,0,0,0,0,0,0,0
156,2022/01/05 21:30,research,go to lab and research,1,1,1,0.5,0,0,0,0,0,0
157,2022/01/05 22:00,research,go to lab and research,1,1,1,1,0,0,0,0,0,0
158,2022/01/05 22:30,research,go to lab and research,1,1,1,1.5,0,0,0,0,0,0
159,2022/01/05 23:00,research,go to lab and research,1,1,1,2,0,0,0,0,0,0
160,2022/01/05 23:30,research,go to lab and research,1,1,1,2.5,0,0,0,0,0,0
161,2022/01/06 0:00,research,go to lab and research,1,1,1,3,0,0,0,0,0,0
162,2022/01/06 0:30,research,go to lab and research,1,1,1,3.5,0,0,0,0,0,0
163,2022/01/06 1:00,research,go to lab and research,1,1,1,4,0,0,0,0,0,0
164,2022/01/06 1:30,research,go to lab and research,1,1,1,4.5,0,0,0,0,0,0
165,2022/01/06 2:00,research,go to lab and research,1,1,1,5,0,0,0,0,0,0
166,2022/01/06 2:30,research,go to lab and research,1,1,1,5.5,0,0,0,0,0,0
167,2022/01/06 3:00,research,go to lab and research,1,1,1,6,0,0,0,0,0,0
168,2022/01/06 3:30,research,go to lab and research,1,1,1,6.5,0,0,0,0,0,0
169,2022/01/06 4:00,research,go to lab and research,1,1,1,0,0,0,0,0,0,0
170,2022/01/06 4:30,research,go to lab and research,1,1,1,0.5,0,0,0,0,0,0
171,2022/01/06 5:00,research,go to lab and research,1,1,1,1,0,0,0,0,0,0
172,2022/01/06 5:30,research,go to lab and research,1,1,1,1.5,0,0,0,0,0,0
173,2022/01/06 6:00,research,go to lab and research,1,1,1,2,0,0,0,0,0,0
174,2022/01/06 6:30,research,go to lab and research,1,1,1,2.5,0,0,0,0,0,0
175,2022/01/06 7:00,research,go to lab and research,1,1,1,3,0,0,0,0,0,0
176,2022/01/06 7:30,research,go to lab and research,1,1,1,3.5,0,0,0,0,0,0
177,2022/01/06 8:00,research,go to lab and research,1,1,1,4,0,0,0,0,0,0
178,2022/01/06 8:30,research,go to lab and research,1,1,1,4.5,0,0,0,0,0,0
179,2022/01/06 9:00,research,go to lab and research,1,1,1,5,0,0,0,0,0,0
180,2022/01/06 9:30,research,go to lab and research,1,1,1,5.5,0,0,0,0,0,0
181,2022/01/06 10:00,research,go to lab and research,1,1,1,6,0,0,0,0,0,0
182,2022/01/06 10:30,research,go to lab and research,1,1,1,6.5,0,0,0,0,0,0
183,2022/01/06 11:00,research,go to lab and research,1,1,1,0,0,0,0,0,0,0
184,2022/01/06 11:30,research,go to lab and research,1,1,1,0.5,0,0,0,0,0,0
185,2022/01/06 12:00,research,go to lab and research,1,1,1,1,0,0,0,0,0,0
186,2022/01/06 12:30,research,go to lab and research,1,1,1,1.5,0,0,0,0,0,0
187,2022/01/06 13:00,research,go to lab and research,1,1,1,2,0,0,0,0,0,0
188,2022/01/06 13:30,research,go to lab and research,1,1,1,2.5,0,0,0,0,0,0
189,2022/01/06 14:00,research,go to lab and research,1,1,1,3,0,0,0,0,0,0
190,2022/01/06 14:30,research,go to lab and research,1,1,1,3.5,0,0,0,0,0,0
191,2022/01/06 15:00,research,go to lab and research,1,1,1,4,0,0,0,0,0,0
192,2022/01/06 15:30,research,go to lab and research,1,1,1,4.5,0,0,0,0,0,0
193,2022/01/06 16:00,research,go to lab and research,1,1,1,5,0,0,0,0,0,0
194,2022/01/06 16:30,research,go to lab and research,1,1,1,5.5,0,0,0,0,0,0
195,2022/01/06 17:00,research,go to lab and research,1,1,1,6,0,0,0,0,0,0
196,2022/01/06 17:30,research,go to lab and research,1,1,1,6.5,0,0,0,0,0,0
197,2022/01/06 18:00,research,go to lab and research,1,1,1,0,0,0,0,0,0,0
198,2022/01/06 18:30,research,go to lab and research,1,1,1,0.5,0,0,0,0,0,0
199,2022/01/06 19:00,research,go to lab and research,1,1,1,1,0,0,0,0,0,0
200,2022/01/06 19:30,research,go to lab and research,1,1,1,1.5,0,0,0,0,0,0
201,2022/01/06 20:00,research,go to lab and research,1,1,1,2,0,0,0,0,0,0
202,2022/01/06 20:30,research,go to lab and research,1,1,1,2.5,0,0,0,0,0,0
203,2022/01/06 21:00,research,go to lab and research,1,1,1,3,0,0,0,0,0,0
204,2022/01/06 21:30,research,go to lab and research,1,1,1,3.5,0,0,0,0,0,0
205,2022/01/06 22:00,research,go to lab and research,1,1,1,4,0,0,0,0,0,0
206,2022/01/06 22:30,research,go to lab and research,1,1,1,4.5,0,0,0,0,0,0
207,2022/01/06 23:00,research,go to lab and research,1,1,1,5,0,0,0,0,0,0
208,2022/01/06 23:30,research,go to lab and research,1,1,1,5.5,0,0,0,0,0,0
209,2022/01/07 0:00,research,go to lab and research,1,1,1,6,0,0,0,0,0,0
210,2022/01/07 0:30,research,go to lab and research,1,1,1,6.5,0,0,0,0,0,0
211,2022/01/07 1:00,research,go to lab and research,1,1,1,0,0,0,0,0,0,0
212,2022/01/07 1:30,research,go to lab and research,1,1,1,0.5,0,0,0,0,0,0
213,2022/01/07 2:00,research,go to lab and research,1,1,1,1,0,0,0,0,0,0
214,2022/01/07 2:30,research,go to lab and research,1,1,1,1.5,0,0,0,0,0,0
215,2022/01/07 3:00,research,go to lab and research,1,1,1,2,0,0,0,0,0,0
216,2022/01/07 3:30,research,go to lab and research,1,1,1,2.5,0,0,0,0,0,0
217,2022/01/07 4:00,research,go to lab and research,1,1,1,3,0,0,0,0,0,0
218,2022/01/07 4:30,research,go to lab and research,1,1,1,3.5,0,0,0,0,0,0
219,2022/01/07 5:00,research,go to lab and research,1,1,1,4,0,0,0,0,0,0
220,2022/01/07 5:30,research,go to lab and research,1,1,1,4.5,0,0,0,0,0,0
221,2022/01/07 6:00,research,go to lab and research,1,1,1,5,0,0,0,0,0,0
222,2022/01/07 6:30,research,go to lab and research,1,1,1,5.5,0,0,0,0,0,0
223,2022/01/07 7:00,research,go to lab and research,1,1,1,6,0,0,0,0,0,0
224,2022/01/07 7:30,research,go to lab and research,1,1,1,6.5,0,0,0,0,0,0
225,2022/01/07 8:00,research,go to lab and research,1,1,1,0,0,0,0,0,0,0
226,2022/01/07 8:30,research,go to lab and research,1,1,1,0.5,0,0,0,0,0,0
227,2022/01/07 9:00,research,go to lab and research,1,1,1,1,0,0,0,0,0,0
228,2022/01/07 9:30,research,go to lab and research,1,1,1,1.5,0,0,0,0,0,0
229,2022/01/07 10:00,research,go to lab and research,1,1,1,2,0,0,0,0,0,0
230,2022/01/07 10:30,research,go to lab and research,1,1,1,2.5,0,0,0,0,0,0
231,2022/01/07 11:00,research,go to lab and research,1,1,1,3,0,0,0,0,0,0
232,2022/01/07 11:30,research,go to lab and research,1,1,1,3.5,0,0,0,0,0,0
233,2022/01/07 12:00,research,go to lab and research,1,1,1,4,0,0,0,0,0,0
234,2022/01/07 12:30,research,go to lab and research,1,1,1,4.5,0,0,0,0,0,0
235,2022/01/07 13:00,research,go to lab and research,1,1,1,5,0,0,0,0,0,0
236,2022/01/07 13:30,research,go to lab and research,1,1,1,5.5,0,0,0,0,0,0
237,2022/01/07 14:00,research,go to lab and research,1,1,1,6,0,0,0,0,0,0
238,2022/01/07 14:30,research,go to lab and research,1,1,1,6.5,0,0,0,0,0,0
239,2022/01/07 15:00,research,go to lab and research,1,1,1,0,0,0,0,0,0,0
240,2022/01/07 15:30,research,go to lab and research,1,1,1,0.5,0,0,0,0,0,0
241,2022/01/07 16:00,research,go to lab and research,1,1,1,1,0,0,0,0,0,0
242,2022/01/07 16:30,research,go to lab and research,1,1,1,1.5,0,0,0,0,0,0
243,2022/01/07 17:00,research,go to lab and research,1,1,1,2,0,0,0,0,0,0
244,2022/01/07 17:30,research,go to lab and research,1,1,1,2.5,0,0,0,0,0,0
245,2022/01/07 18:00,research,go to lab and research,1,1,1,3,0,0,0,0,0,0
246,2022/01/07 18:30,research,go to lab and research,1,1,1,3.5,0,0,0,0,0,0
247,2022/01/07 19:00,research,go to lab and research,1,1,1,4,0,0,0,0,0,0
248,2022/01/07 19:30,research,go to lab and research,1,1,1,4.5,0,0,0,0,0,0
249,2022/01/07 20:00,research,go to lab and research,1,1,1,5,0,0,0,0,0,0
250,2022/01/07 20:30,research,go to lab and research,1,1,1,5.5,0,0,0,0,0,0
251,2022/01/07 21:00,research,go to lab and research,1,1,1,6,0,0,0,0,0,0
252,2022/01/07 21:30,research,go to lab and research,1,1,1,6.5,0,0,0,0,0,0
253,2022/01/07 22:00,research,go to lab and research,1,1,1,0,0,0,0,0,0,0
254,2022/01/07 22:30,research,go to lab and research,1,1,1,0.5,0,0,0,0,0,0
255,2022/01/07 23:00,research,go to lab and research,1,1,1,1,0,0,0,0,0,0
256,2022/01/07 23:30,research,go to lab and research,1,1,1,1.5,0,0,0,0,0,0
257,2022/01/08 0:00,research,go to lab and research,1,1,1,2,0,0,0,0,0,0
258,2022/01/08 0:30,research,go to lab and research,1,1,1,2.5,0,0,0,0,0,0
259,2022/01/08 1:00,research,go to lab and research,1,1,1,3,0,0,0,0,0,0
260,2022/01/08 1:30,research,go to lab and research,1,1,1,3.5,0,0,0,0,0,0
261,2022/01/08 2:00,research,go to lab and research,1,1,1,4,0,0,0,0,0,0
262,2022/01/08 2:30,research,go to lab and research,1,1,1,4.5,0,0,0,0,0,0
263,2022/01/08 3:00,research,go to lab and research,1,1,1,5,0,0,0,0,0,0
264,2022/01/08 3:30,research,go to lab and research,1,1,1,5.5,0,0,0,0,0,0
265,2022/01/08 4:00,research,go to lab and research,1,1,1,6,0,0,0,0,0,0
266,2022/01/08 4:30,research,go to lab and research,1,1,1,6.5,0,0,0,0,0,0
267,2022/01/08 5:00,research,go to lab and research,1,1,1,0,0,0,0,0,0,0
268,2022/01/08 5:30,research,go to lab and research,1,1,1,0.5,0,0,0,0,0,0
269,2022/01/08 6:00,research,go to lab and research,1,1,1,1,0,0,0,0,0,0
270,2022/01/08 6:30,research,go to lab and research,1,1,1,1.5,0,0,0,0,0,0
271,2022/01/08 7:00,research,go to lab and research,1,1,1,2,0,0,0,0,0,0
272,2022/01/08 7:30,research,go to lab and research,1,1,1,2.5,0,0,0,0,0,0
273,2022/01/08 8:00,research,go to lab and research,1,1,1,3,0,0,0,0,0,0
274,2022/01/08 8:30,research,go to lab and research,1,1,1,3.5,0,0,0,0,0,0
275,2022/01/08 9:00,research,go to lab and research,1,1,1,4,0,0,0,0,0,0
276,2022/01/08 9:30,research,go to lab and research,1,1,1,4.5,0,0,0,0,0,0
277,2022/01/08 10:00,research,go to lab and research,1,1,1,5,0,0,0,0,0,0
278,2022/01/08 10:30,research,go to lab and research,1,1,1,5.5,0,0,0,0,0,0
279,2022/01/08 11:00,research,go to lab and research,1,1,1,6,0,0,0,0,0,0
280,2022/01/08 11:30,research,go to lab and research,1,1,1,6.5,0,0,0,0,0,0
281,2022/01/08 12:00,research,go to lab and research,1,1,1,0,0,0,0,0,0,0
282,2022/01/08 12:30,research,go to lab and research,1,1,1,0.5,0,0,0,0,0,0
283,2022/01/08 13:00,research,go to lab and research,1,1,1,1,0,0,0,0,0,0
284,2022/01/08 13:30,research,go to lab and research,1,1,1,1.5,0,0,0,0,0,0
285,2022/01/08 14:00,research,go to lab and research,1,1,1,2,0,0,0,0,0,0
286,2022/01/08 14:30,research,go to lab and research,1,1,1,2.5,0,0,0,0,0,0
287,2022/01/08 15:00,research,go to lab and research,1,1,1,3,0,0,0,0,0,0
288,2022/01/08 15:30,research,go to lab and research,1,1,1,3.5,0,0,0,0,0,0
289,2022/01/08 16:00,research,go to lab and research,1,1,1,4,0,0,0,0,0,0
290,2022/01/08 16:30,research,go to lab and research,1,1,1,4.5,0,0,0,0,0,0
291,2022/01/08 17:00,research,go to lab and research,1,1,1,5,0,0,0,0,0,0
292,2022/01/08 17:30,research,go to lab and research,1,1,1,5.5,0,0,0,0,0,0
293,2022/01/08 18:00,research,go to lab and research,1,1,1,6,0,0,0,0,0,0
294,2022/01/08 18:30,research,go to lab and research,1,1,1,6.5,0,0,0,0,0,0
295,2022/01/08 19:00,research,go to lab and research,1,1,1,0,0,0,0,0,0,0
296,2022/01/08 19:30,research,go to lab and research,1,1,1,0.5,0,0,0,0,0,0
297,2022/01/08 20:00,research,go to lab and research,1,1,1,1,0,0,0,0,0,0
298,2022/01/08 20:30,research,go to lab and research,1,1,1,1.5,0,0,0,0,0,0
299,2022/01/08 21:00,research,go to lab and research,1,1,1,2,0,0,0,0,0,0
300,2022/01/08 21:30,research,go to lab and research,1,1,1,2.5,0,0,0,0,0,0
301,2022/01/08 22:00,research,go to lab and research,1,1,1,3,0,0,0,0,0,0
302,2022/01/08 22:30,research,go to lab and research,1,1,1,3.5,0,0,0,0,0,0
303,2022/01/08 23:00,research,go to lab and research,1,1,1,4,0,0,0,0,0,0
304,2022/01/08 23:30,research,go to lab and research,1,1,1,4.5,0,0,0,0,0,0
305,2022/01/09 0:00,research,go to lab and research,1,1,1,5,0,0,0,0,0,0
306,2022/01/09 0:30,research,go to lab and research,1,1,1,5.5,0,0,0,0,0,0
307,2022/01/09 1:00,research,go to lab and research,1,1,1,6,0,0,0,0,0,0
308,2022/01/09 1:30,research,go to lab and research,1,1,1,6.5,0,0,0,0,0,0
309,2022/01/09 2:00,research,go to lab and research,1,1,1,0,0,0,0,0,0,0
310,2022/01/09 2:30,research,go to lab and research,1,1,1,0.5,0,0,0,0,0,0
311,2022/01/09 3:00,research,go to lab and research,1,1,1,1,0,0,0,0,0,0
312,2022/01/09 3:30,research,go to lab and research,1,1,1,1.5,0,0,0,0,0,0
313,2022/01/09 4:00,research,go to lab and research,1,1,1,2,0,0,0,0,0,0
314,2022/01/09 4:30,research,go to lab and research,1,1,1,2.5,0,0,0,0,0,0
315,2022/01/09 5:00,research,go to lab and research,1,1,1,3,0,0,0,0,0,0
316,2022/01/09 5:30,research,go to lab and research,1,1,1,3.5,0,0,0,0,0,0
317,2022/01/09 6:00,research,go to lab and research,1,1,1,4,0,0,0,0,0,0
318,2022/01/09 6:30,research,go to lab and research,1,1,1,4.5,0,0,0,0,0,0
319,2022/01/09 7:00,research,go to lab and research,1,1,1,5,0,0,0,0,0,0
320,2022/01/09 7:30,research,go to lab and research,1,1,1,5.5,0,0,0,0,0,0
321,2022/01/09 8:00,research,go to lab and research,1,1,1,6,0,0,0,0,0,0
322,2022/01/09 8:30,research,go to lab and research,1,1,1,6.5,0,0,0,0,0,0
323,2022/01/09 9:00,research,go to lab and research,1,1,1,0,0,0,0,0,0,0
324,2022/01/09 9:30,research,go to lab and research,1,1,1,0.5,0,0,0,0,0,0
325,2022/01/09 10:00,research,go to lab and research,1,1,1,1,0,0,0,0,0,0
326,2022/01/09 10:30,research,go to lab and research,1,1,1,1.5,0,0,0,0,0,0
327,2022/01/09 11:00,research,go to lab and research,1,1,1,2,0,0,0,0,0,0
328,2022/01/09 11:30,research,go to lab and research,1,1,1,2.5,0,0,0,0,0,0
329,2022/01/09 12:00,research,go to lab and research,1,1,1,3,0,0,0,0,0,0
330,2022/01/09 12:30,research,go to lab and research,1,1,1,3.5,0,0,0,0,0,0
331,2022/01/09 13:00,research,go to lab and research,1,1,1,4,0,0,0,0,0,0
332,2022/01/09 13:30,research,go to lab and research,1,1,1,4.5,0,0,0,0,0,0
333,2022/01/09 14:00,research,go to lab and research,1,1,1,5,0,0,0,0,0,0
334,2022/01/09 14:30,research,go to lab and research,1,1,1,5.5,0,0,0,0,0,0
335,2022/01/09 15:00,research,go to lab and research,1,1,1,6,0,0,0,0,0,0
336,2022/01/09 15:30,research,go to lab and research,1,1,1,6.5,0,0,0,0,0,0
337,2022/01/09 16:00,research,go to lab and research,1,1,1,0,0,0,0,0,0,0
338,2022/01/09 16:30,research,go to lab and research,1,1,1,0.5,0,0,0,0,0,0
339,2022/01/09 17:00,research,go to lab and research,1,1,1,1,0,0,0,0,0,0
340,2022/01/09 17:30,research,go to lab and research,1,1,1,1.5,0,0,0,0,0,0
341,2022/01/09 18:00,research,go to lab and research,1,1,1,2,0,0,0,0,0,0
342,2022/01/09 18:30,research,go to lab and research,1,1,1,2.5,0,0,0,0,0,0
343,2022/01/09 19:00,research,go to lab and research,1,1,1,3,0,0,0,0,0,0
344,2022/01/09 19:30,research,go to lab and research,1,1,1,3.5,0,0,0,0,0,0
345,2022/01/09 20:00,research,go to lab and research,1,1,1,4,0,0,0,0,0,0
346,2022/01/09 20:30,research,go to lab and research,1,1,1,4.5,0,0,0,0,0,0
347,2022/01/09 21:00,research,go to lab and research,1,1,1,5,0,0,0,0,0,0
348,2022/01/09 21:30,research,go to lab and research,1,1,1,5.5,0,0,0,0,0,0
349,2022/01/09 22:00,research,go to lab and research,1,1,1,6,0,0,0,0,0,0
350,2022/01/09 22:30,research,go to lab and research,1,1,1,6.5,0,0,0,0,0,0
351,2022/01/09 23:00,research,go to lab and research,1,1,1,0,0,0,0,0,0,0
352,2022/01/09 23:30,research,go to lab and research,1,1,1,0.5,0,0,0,0,0,0
353,2022/01/10 0:00,research,go to lab and research,1,1,1,1,0,0,0,0,0,0
354,2022/01/10 0:30,research,go to lab and research,1,1,1,1.5,0,0,0,0,0,0
355,2022/01/10 1:00,research,go to lab and research,1,1,1,2,0,0,0,0,0,0
356,2022/01/10 1:30,research,go to lab and research,1,1,1,2.5,0,0,0,0,0,0
357,2022/01/10 2:00,research,go to lab and research,1,1,1,3,0,0,0,0,0,0
358,2022/01/10 2:30,research,go to lab and research,1,1,1,3.5,0,0,0,0,0,0
359,2022/01/10 3:00,research,go to lab and research,1,1,1,4,0,0,0,0,0,0
360,2022/01/10 3:30,research,go to lab and research,1,1,1,4.5,0,0,0,0,0,0
361,2022/01/10 4:00,research,go to lab and research,1,1,1,5,0,0,0,0,0,0
362,2022/01/10 4:30,research,go to lab and research,1,1,1,5.5,0,0,0,0,0,0
363,2022/01/10 5:00,research,go to lab and research,1,1,1,6,0,0,0,0,0,0
364,2022/01/10 5:30,research,go to lab and research,1,1,1,6.5,0,0,0,0,0,0
365,2022/01/10 6:00,research,go to lab and research,1,1,1,0,0,0,0,0,0,0
366,2022/01/10 6:30,research,go to lab and research,1,1,1,0.5,0,0,0,0,0,0
367,2022/01/10 7:00,research,go to lab and research,1,1,1,1,0,0,0,0,0,0
368,2022/01/10 7:30,research,go to lab and research,1,1,1,1.5,0,0,0,0,0,0
369,2022/01/10 8:00,research,go to lab and research,1,1,1,2,0,0,0,0,0,0
370,2022/01/10 8:30,research,go to lab and research,1,1,1,2.5,0,0,0,0,0,0
371,2022/01/10 9:00,research,go to lab and research,1,1,1,3,0,0,0,0,0,0
372,2022/01/10 9:30,research,go to lab and research,1,1,1,3.5,0,0,0,0,0,0
373,2022/01/10 10:00,research,go to lab and research,1,1,1,4,0,0,0,0,0,0
374,2022/01/10 10:30,research,go to lab and research,1,1,1,4.5,0,0,0,0,0,0
375,2022/01/10 11:00,research,go to lab and research,1,1,1,5,0,0,0,0,0,0
376,2022/01/10 11:30,research,go to lab and research,1,1,1,5.5,0,0,0,0,0,0
377,2022/01/10 12:00,research,go to lab and research,1,1,1,6,0,0,0,0,0,0
378,2022/01/10 12:30,research,go to lab and research,1,1,1,6.5,0,0,0,0,0,0
379,2022/01/10 13:00,research,go to lab and research,1,1,1,0,0,0,0,0,0,0
380,2022/01/10 13:30,research,go to lab and research,1,1,1,0.5,0,0,0,0,0,0
381,2022/01/10 14:00,research,go to lab and research,1,1,1,1,0,0,0,0,0,0
382,2022/01/10 14:30,research,go to lab and research,1,1,1,1.5,0,0,0,0,0,0
383,2022/01/10 15:00,research,go to lab and research,1,1,1,2,0,0,0,0,0,0
384,2022/01/10 15:30,research,go to lab and research,1,1,1,2.5,0,0,0,0,0,0
385,2022/01/10 16:00,research,go to lab and research,1,1,1,3,0,0,0,0,0,0
386,2022/01/10 16:30,research,go to lab and research,1,1,1,3.5,0,0,0,0,0,0
387,2022/01/10 17:00,research,go to lab and research,1,1,1,4,0,0,0,0,0,0
388,2022/01/10 17:30,research,go to lab and research,1,1,1,4.5,0,0,0,0,0,0
389,2022/01/10 18:00,research,go to lab and research,1,1,1,5,0,0,0,0,0,0
390,2022/01/10 18:30,research,go to lab and research,1,1,1,5.5,0,0,0,0,0,0
391,2022/01/10 19:00,research,go to lab and research,1,1,1,6,0,0,0,0,0,0
392,2022/01/10 19:30,research,go to lab and research,1,1,1,6.5,0,0,0,0,0,0
393,2022/01/10 20:00,research,go to lab and research,1,1,1,0,0,0,0,0,0,0
394,2022/01/10 20:30,research,go to lab and research,1,1,1,0.5,0,0,0,0,0,0
395,2022/01/10 21:00,research,go to lab and research,1,1,1,1,0,0,0,0,0,0
396,2022/01/10 21:30,research,go to lab and research,1,1,1,1.5,0,0,0,0,0,0
397,2022/01/10 22:00,research,go to lab and research,1,1,1,2,0,0,0,0,0,0
398,2022/01/10 22:30,research,go to lab and research,1,1,1,2.5,0,0,0,0,0,0
399,2022/01/10 23:00,research,go to lab and research,1,1,1,3,0,0,0,0,0,0
400,2022/01/10 23:30,research,go to lab and research,1,1,1,3.5,0,0,0,0,0,0
401,2022/01/11 0:00,research,go to lab and research,1,1,1,4,0,0,0,0,0,0
402,2022/01/11 0:30,research,go to lab and research,1,1,1,4.5,0,0,0,0,0,0
403,2022/01/11 1:00,research,go to lab and research,1,1,1,5,0,0,0,0,0,0
404,2022/01/11 1:30,research,go to lab and research,1,1,1,5.5,0,0,0,0,0,0
405,2022/01/11 2:00,research,go to lab and research,1,1,1,6,0,0,0,0,0,0
406,2022/01/11 2:30,research,go to lab and research,1,1,1,6.5,0,0,0,0,0,0
407,2022/01/11 3:00,research,go to lab and research,1,1,1,0,0,0,0,0,0,0
408,2022/01/11 3:30,research,go to lab and research,1,1,1,0.5,0,0,0,0,0,0
409,2022/01/11 4:00,research,go to lab and research,1,1,1,1,0,0,0,0,0,0
410,2022/01/11 4:30,research,go to lab and research,1,1,1,1.5,0,0,0,0,0,0
411,2022/01/11 5:00,research,go to lab and research,1,1,1,2,0,0,0,0,0,0
412,2022/01/11 5:30,research,go to lab and research,1,1,1,2.5,0,0,0,0,0,0
413,2022/01/11 6:00,research,go to lab and research,1,1,1,3,0,0,0,0,0,0
414,2022/01/11 6:30,research,go to lab and research,1,1,1,3.5,0,0,0,0,0,0
415,2022/01/11 7:00,research,go to lab and research,1,1,1,4,0,0,0,0,0,0
416,2022/01/11 7:30,research,go to lab and research,1,1,1,4.5,0,0,0,0,0,0
417,2022/01/11 8:00,research,go to lab and research,1,1,1,5,0,0,0,0,0,0
418,2022/01/11 8:30,research,go to lab and research,1,1,1,5.5,0,0,0,0,0,0
419,2022/01/11 9:00,research,go to lab and research,1,1,1,6,0,0,0,0,0,0
420,2022/01/11 9:30,research,go to lab and research,1,1,1,6.5,0,0,0,0,0,0
421,2022/01/11 10:00,research,go to lab and research,1,1,1,0,0,0,0,0,0,0
422,2022/01/11 10:30,research,go to lab and research,1,1,1,0.5,0,0,0,0,0,0
423,2022/01/11 11:00,research,go to lab and research,1,1,1,1,0,0,0,0,0,0
424,2022/01/11 11:30,research,go to lab and research,1,1,1,1.5,0,0,0,0,0,0
425,2022/01/11 12:00,research,go to lab and research,1,1,1,2,0,0,0,0,0,0
426,2022/01/11 12:30,research,go to lab and research,1,1,1,2.5,0,0,0,0,0,0
427,2022/01/11 13:00,research,go to lab and research,1,1,1,3,0,0,0,0,0,0
428,2022/01/11 13:30,research,go to lab and research,1,1,1,3.5,0,0,0,0,0,0
429,2022/01/11 14:00,research,go to lab and research,1,1,1,4,0,0,0,0,0,0
430,2022/01/11 14:30,research,go to lab and research,1,1,1,4.5,0,0,0,0,0,0
431,2022/01/11 15:00,research,go to lab and research,1,1,1,5,0,0,0,0,0,0
432,2022/01/11 15:30,research,go to lab and research,1,1,1,5.5,0,0,0,0,0,0
433,2022/01/11 16:00,research,go to lab and research,1,1,1,6,0,0,0,0,0,0
434,2022/01/11 16:30,research,go to lab and research,1,1,1,6.5,0,0,0,0,0,0
435,2022/01/11 17:00,research,go to lab and research,1,1,1,0,0,0,0,0,0,0
436,2022/01/11 17:30,research,go to lab and research,1,1,1,0.5,0,0,0,0,0,0
437,2022/01/11 18:00,research,go to lab and research,1,1,1,1,0,0,0,0,0,0
438,2022/01/11 18:30,research,go to lab and research,1,1,1,1.5,0,0,0,0,0,0
439,2022/01/11 19:00,research,go to lab and research,1,1,1,2,0,0,0,0,0,0
440,2022/01/11 19:30,research,go to lab and research,1,1,1,2.5,0,0,0,0,0,0
441,2022/01/11 20:00,research,go to lab and research,1,1,1,3,0,0,0,0,0,0
442,2022/01/11 20:30,research,go to lab and research,1,1,1,3.5,0,0,0,0,0,0
443,2022/01/11 21:00,research,go to lab and research,1,1,1,4,0,0,0,0,0,0
444,2022/01/11 21:30,research,go to lab and research,1,1,1,4.5,0,0,0,0,0,0
445,2022/01/11 22:00,research,go to lab and research,1,1,1,5,0,0,0,0,0,0
446,2022/01/11 22:30,research,go to lab and research,1,1,1,5.5,0,0,0,0,0,0
447,2022/01/11 23:00,research,go to lab and research,1,1,1,6,0,0,0,0,0,0
448,2022/01/11 23:30,research,go to lab and research,1,1,1,6.5,0,0,0,0,0,0
449,2022/01/12 0:00,research,go to lab and research,1,1,1,0,0,0,0,0,0,0
450,2022/01/12 0:30,research,go to lab and research,1,1,1,0.5,0,0,0,0,0,0
451,2022/01/12 1:00,research,go to lab and research,1,1,1,1,0,0,0,0,0,0
452,2022/01/12 1:30,research,go to lab and research,1,1,1,1.5,0,0,0,0,0,0
453,2022/01/12 2:00,research,go to lab and research,1,1,1,2,0,0,0,0,0,0
454,2022/01/12 2:30,research,go to lab and research,1,1,1,2.5,0,0,0,0,0,0
455,2022/01/12 3:00,research,go to lab and research,1,1,1,3,0,0,0,0,0,0
456,2022/01/12 3:30,research,go to lab and research,1,1,1,3.5,0,0,0,0,0,0
457,2022/01/12 4:00,research,go to lab and research,1,1,1,4,0,0,0,0,0,0
458,2022/01/12 4:30,research,go to lab and research,1,1,1,4.5,0,0,0,0,0,0
459,2022/01/12 5:00,research,go to lab and research,1,1,1,5,0,0,0,0,0,0
460,2022/01/12 5:30,research,go to lab and research,1,1,1,5.5,0,0,0,0,0,0
461,2022/01/12 6:00,research,go to lab and research,1,1,1,6,0,0,0,0,0,0
462,2022/01/12 6:30,research,go to lab and research,1,1,1,6.5,0,0,0,0,0,0
463,2022/01/12 7:00,research,go to lab and research,1,1,1,0,0,0,0,0,0,0
464,2022/01/12 7:30,research,go to lab and research,1,1,1,0.5,0,0,0,0,0,0
465,2022/01/12 8:00,research,go to lab and research,1,1,1,1,0,0,0,0,0,0
466,2022/01/12 8:30,research,go to lab and research,1,1,1,1.5,0,0,0,0,0,0
467,2022/01/12 9:00,research,go to lab and research,1,1,1,2,0,0,0,0,0,0
468,2022/01/12 9:30,research,go to lab and research,1,1,1,2.5,0,0,0,0,0,0
469,2022/01/12 10:00,research,go to lab and research,1,1,1,3,0,0,0,0,0,0
470,2022/01/12 10:30,research,go to lab and research,1,1,1,3.5,0,0,0,0,0,0
471,2022/01/12 11:00,research,go to lab and research,1,1,1,4,0,0,0,0,0,0
472,2022/01/12 11:30,research,go to lab and research,1,1,1,4.5,0,0,0,0,0,0
473,2022/01/12 12:00,research,go to lab and research,1,1,1,5,0,0,0,0,0,0
474,2022/01/12 12:30,research,go to lab and research,1,1,1,5.5,0,0,0,0,0,0
475,2022/01/12 13:00,research,go to lab and research,1,1,1,6,0,0,0,0,0,0
476,2022/01/12 13:30,research,go to lab and research,1,1,1,6.5,0,0,0,0,0,0
477,2022/01/12 14:00,research,go to lab and research,1,1,1,0,0,0,0,0,0,0
478,2022/01/12 14:30,research,go to lab and research,1,1,1,0.5,0,0,0,0,0,0
479,2022/01/12 15:00,research,go to lab and research,1,1,1,1,0,0,0,0,0,0
480,2022/01/12 15:30,research,go to lab and research,1,1,1,1.5,0,0,0,0,0,0
481,2022/01/12 16:00,research,go to lab and research,1,1,1,2,0,0,0,0,0,0
482,2022/01/12 16:30,research,go to lab and research,1,1,1,2.5,0,0,0,0,0,0
483,2022/01/12 17:00,research,go to lab and research,1,1,1,3,0,0,0,0,0,0
484,2022/01/12 17:30,research,go to lab and research,1,1,1,3.5,0,0,0,0,0,0
485,2022/01/12 18:00,research,go to lab and research,1,1,1,4,0,0,0,0,0,0
486,2022/01/12 18:30,research,go to lab and research,1,1,1,4.5,0,0,0,0,0,0
487,2022/01/12 19:00,research,go to lab and research,1,1,1,5,0,0,0,0,0,0
488,2022/01/12 19:30,research,go to lab and research,1,1,1,5.5,0,0,0,0,0,0
489,2022/01/12 20:00,research,go to lab and research,1,1,1,6,0,0,0,0,0,0
490,2022/01/12 20:30,research,go to lab and research,1,1,1,6.5,0,0,0,0,0,0
491,2022/01/12 21:00,research,go to lab and research,1,1,1,0,0,0,0,0,0,0
492,2022/01/12 21:30,research,go to lab and research,1,1,1,0.5,0,0,0,0,0,0
493,2022/01/12 22:00,research,go to lab and research,1,1,1,1,0,0,0,0,0,0
494,2022/01/12 22:30,research,go to lab and research,1,1,1,1.5,0,0,0,0,0,0
495,2022/01/12 23:00,research,go to lab and research,1,1,1,2,0,0,0,0,0,0
496,2022/01/12 23:30,research,go to lab and research,1,1,1,2.5,0,0,0,0,0,0
497,2022/01/13 0:00,research,go to lab and research,1,1,1,3,0,0,0,0,0,0
498,2022/01/13 0:30,research,go to lab and research,1,1,1,3.5,0,0,0,0,0,0
499,2022/01/13 1:00,research,go to lab and research,1,1,1,4,0,0,0,0,0,0
500,2022/01/13 1:30,research,go to lab and research,1,1,1,4.5,0,0,0,0,0,0
501,2022/01/13 2:00,research,go to lab and research,1,1,1,5,0,0,0,0,0,0
502,2022/01/13 2:30,research,go to lab and research,1,1,1,5.5,0,0,0,0,0,0
503,2022/01/13 3:00,research,go to lab and research,1,1,1,6,0,0,0,0,0,0
504,2022/01/13 3:30,research,go to lab and research,1,1,1,6.5,0,0,0,0,0,0
505,2022/01/13 4:00,research,go to lab and research,1,1,1,0,0,0,0,0,0,0
506,2022/01/13 4:30,research,go to lab and research,1,1,1,0.5,0,0,0,0,0,0
507,2022/01/13 5:00,research,go to lab and research,1,1,1,1,0,0,0,0,0,0
508,2022/01/13 5:30,research,go to lab and research,1,1,1,1.5,0,0,0,0,0,0
509,2022/01/13 6:00,research,go to lab and research,1,1,1,2,0,0,0,0,0,0
510,2022/01/13 6:30,research,go to lab and research,1,1,1,2.5,0,0,0,0,0,0
511,2022/01/13 7:00,research,go to lab and research,1,1,1,3,0,0,0,0,0,0
512,2022/01/13 7:30,research,go to lab and research,1,1,1,3.5,0,0,0,0,0,0
513,2022/01/13 8:00,research,go to lab and research,1,1,1,4,0,0,0,0,0,0
514,2022/01/13 8:30,research,go to lab and research,1,1,1,4.5,0,0,0,0,0,0
515,2022/01/13 9:00,research,go to lab and research,1,1,1,5,0,0,0,0,0,0
516,2022/01/13 9:30,research,go to lab and research,1,1,1,5.5,0,0,0,0,0,0
517,2022/01/13 10:00,research,go to lab and research,1,1,1,6,0,0,0,0,0,0
518,2022/01/13 10:30,research,go to lab and research,1,1,1,6.5,0,0,0,0,0,0
519,2022/01/13 11:00,research,go to lab and research,1,1,1,0,0,0,0,0,0,0
520,2022/01/13 11:30,research,go to lab and research,1,1,1,0.5,0,0,0,0,0,0
521,2022/01/13 12:00,research,go to lab and research,1,1,1,1,0,0,0,0,0,0
522,2022/01/13 12:30,research,go to lab and research,1,1,1,1.5,0,0,0,0,0,0
523,2022/01/13 13:00,research,go to lab and research,1,1,1,2,0,0,0,0,0,0
524,2022/01/13 13:30,research,go to lab and research,1,1,1,2.5,0,0,0,0,0,0
525,2022/01/13 14:00,research,go to lab and research,1,1,1,3,0,0,0,0,0,0
526,2022/01/13 14:30,research,go to lab and research,1,1,1,3.5,0,0,0,0,0,0
527,2022/01/13 15:00,research,go to lab and research,1,1,1,4,0,0,0,0,0,0
528,2022/01/13 15:30,research,go to lab and research,1,1,1,4.5,0,0,0,0,0,0
529,2022/01/13 16:00,research,go to lab and research,1,1,1,5,0,0,0,0,0,0
530,2022/01/13 16:30,research,go to lab and research,1,1,1,5.5,0,0,0,0,0,0
531,2022/01/13 17:00,research,go to lab and research,1,1,1,6,0,0,0,0,0,0
532,2022/01/13 17:30,research,go to lab and research,1,1,1,6.5,0,0,0,0,0,0
533,2022/01/13 18:00,research,go to lab and research,1,1,1,0,0,0,0,0,0,0
534,2022/01/13 18:30,research,go to lab and research,1,1,1,0.5,0,0,0,0,0,0
535,2022/01/13 19:00,research,go to lab and research,1,1,1,1,0,0,0,0,0,0
536,2022/01/13 19:30,research,go to lab and research,1,1,1,1.5,0,0,0,0,0,0
537,2022/01/13 20:00,research,go to lab and research,1,1,1,2,0,0,0,0,0,0
538,2022/01/13 20:30,research,go to lab and research,1,1,1,2.5,0,0,0,0,0,0
539,2022/01/13 21:00,research,go to lab and research,1,1,1,3,0,0,0,0,0,0
540,2022/01/13 21:30,research,go to lab and research,1,1,1,3.5,0,0,0,0,0,0
541,2022/01/13 22:00,research,go to lab and research,1,1,1,4,0,0,0,0,0,0
542,2022/01/13 22:30,research,go to lab and research,1,1,1,4.5,0,0,0,0,0,0
543,2022/01/13 23:00,research,go to lab and research,1,1,1,5,0,0,0,0,0,0
544,2022/01/13 23:30,research,go to lab and research,1,1,1,5.5,0,0,0,0,0,0
545,2022/01/14 0:00,research,go to lab and research,1,1,1,6,0,0,0,0,0,0
546,2022/01/14 0:30,research,go to lab and research,1,1,1,6.5,0,0,0,0,0,0
547,2022/01/14 1:00,research,go to lab and research,1,1,1,0,0,0,0,0,0,0
548,2022/01/14 1:30,research,go to lab and research,1,1,1,0.5,0,0,0,0,0,0
549,2022/01/14 2:00,research,go to lab and research,1,1,1,1,0,0,0,0,0,0
550,2022/01/14 2:30,research,go to lab and research,1,1,1,1.5,0,0,0,0,0,0
551,2022/01/14 3:00,research,go to lab and research,1,1,1,2,0,0,0,0,0,0
552,2022/01/14 3:30,research,go to lab and research,1,1,1,2.5,0,0,0,0,0,0
553,2022/01/14 4:00,research,go to lab and research,1,1,1,3,0,0,0,0,0,0
554,2022/01/14 4:30,research,go to lab and research,1,1,1,3.5,0,0,0,0,0,0
555,2022/01/14 5:00,research,go to lab and research,1,1,1,4,0,0,0,0,0,0
556,2022/01/14 5:30,research,go to lab and research,1,1,1,4.5,0,0,0,0,0,0
557,2022/01/14 6:00,research,go to lab and research,1,1,1,5,0,0,0,0,0,0
558,2022/01/14 6:30,research,go to lab and research,1,1,1,5.5,0,0,0,0,0,0
559,2022/01/14 7:00,research,go to lab and research,1,1,1,6,0,0,0,0,0,0
560,2022/01/14 7:30,research,go to lab and research,1,1,1,6.5,0,0,0,0,0,0
561,2022/01/14 8:00,research,go to lab and research,1,1,1,0,0,0,0,0,0,0
562,2022/01/14 8:30,research,go to lab and research,1,1,1,0.5,0,0,0,0,0,0
563,2022/01/14 9:00,research,go to lab and research,1,1,1,1,0,0,0,0,0,0
564,2022/01/14 9:30,research,go to lab and research,1,1,1,1.5,0,0,0,0,0,0
565,2022/01/14 10:00,research,go to lab and research,1,1,1,2,0,0,0,0,0,0
566,2022/01/14 10:30,research,go to lab and research,1,1,1,2.5,0,0,0,0,0,0
567,2022/01/14 11:00,research,go to lab and research,1,1,1,3,0,0,0,0,0,0
568,2022/01/14 11:30,research,go to lab and research,1,1,1,3.5,0,0,0,0,0,0
569,2022/01/14 12:00,research,go to lab and research,1,1,1,4,0,0,0,0,0,0
570,2022/01/14 12:30,research,go to lab and research,1,1,1,4.5,0,0,0,0,0,0
571,2022/01/14 13:00,research,go to lab and research,1,1,1,5,0,0,0,0,0,0
572,2022/01/14 13:30,research,go to lab and research,1,1,1,5.5,0,0,0,0,0,0
573,2022/01/14 14:00,research,go to lab and research,1,1,1,6,0,0,0,0,0,0
574,2022/01/14 14:30,research,go to lab and research,1,1,1,6.5,0,0,0,0,0,0
575,2022/01/14 15:00,research,go to lab and research,1,1,1,0,0,0,0,0,0,0
576,2022/01/14 15:30,research,go to lab and research,1,1,1,0.5,0,0,0,0,0,0
577,2022/01/14 16:00,research,go to lab and research,1,1,1,1,0,0,0,0,0,0
578,2022/01/14 16:30,research,go to lab and research,1,1,1,1.5,0,0,0,0,0,0
579,2022/01/14 17:00,research,go to lab and research,1,1,1,2,0,0,0,0,0,0
580,2022/01/14 17:30,research,go to lab and research,1,1,1,2.5,0,0,0,0,0,0
581,2022/01/14 18:00,research,go to lab and research,1,1,1,3,0,0,0,0,0,0
582,2022/01/14 18:30,research,go to lab and research,1,1,1,3.5,0,0,0,0,0,0
583,2022/01/14 19:00,research,go to lab and research,1,1,1,4,0,0,0,0,0,0
584,2022/01/14 19:30,research,go to lab and research,1,1,1,4.5,0,0,0,0,0,0
585,2022/01/14 20:00,research,go to lab and research,1,1,1,5,0,0,0,0,0,0
586,2022/01/14 20:30,research,go to lab and research,1,1,1,5.5,0,0,0,0,0,0
587,2022/01/14 21:00,research,go to lab and research,1,1,1,6,0,0,0,0,0,0
588,2022/01/14 21:30,research,go to lab and research,1,1,1,6.5,0,0,0,0,0,0
589,2022/01/14 22:00,research,go to lab and research,1,1,1,0,0,0,0,0,0,0
590,2022/01/14 22:30,research,go to lab and research,1,1,1,0.5,0,0,0,0,0,0
591,2022/01/14 23:00,research,go to lab and research,1,1,1,1,0,0,0,0,0,0
592,2022/01/14 23:30,research,go to lab and research,1,1,1,1.5,0,0,0,0,0,0
593,2022/01/15 0:00,research,go to lab and research,1,1,1,2,0,0,0,0,0,0
594,2022/01/15 0:30,research,go to lab and research,1,1,1,2.5,0,0,0,0,0,0
595,2022/01/15 1:00,research,go to lab and research,1,1,1,3,0,0,0,0,0,0
596,2022/01/15 1:30,research,go to lab and research,1,1,1,3.5,0,0,0,0,0,0
597,2022/01/15 2:00,research,go to lab and research,1,1,1,4,0,0,0,0,0,0
598,2022/01/15 2:30,research,go to lab and research,1,1,1,4.5,0,0,0,0,0,0
599,2022/01/15 3:00,research,go to lab and research,1,1,1,5,0,0,0,0,0,0
600,2022/01/15 3:30,research,go to lab and research,1,1,1,5.5,0,0,0,0,0,0
601,2022/01/15 4:00,research,go to lab and research,1,1,1,6,0,0,0,0,0,0
602,2022/01/15 4:30,research,go to lab and research,1,1,1,6.5,0,0,0,0,0,0
603,2022/01/15 5:00,research,go to lab and research,1,1,1,0,0,0,0,0,0,0
604,2022/01/15 5:30,research,go to lab and research,1,1,1,0.5,0,0,0,0,0,0
605,2022/01/15 6:00,research,go to lab and research,1,1,1,1,0,0,0,0,0,0
606,2022/01/15 6:30,research,go to lab and research,1,1,1,1.5,0,0,0,0,0,0
607,2022/01/15 7:00,research,go to lab and research,1,1,1,2,0,0,0,0,0,0
608,2022/01/15 7:30,research,go to lab and research,1,1,1,2.5,0,0,0,0,0,0
609,2022/01/15 8:00,research,go to lab and research,1,1,1,3,0,0,0,0,0,0
610,2022/01/15 8:30,research,go to lab and research,1,1,1,3.5,0,0,0,0,0,0
611,2022/01/15 9:00,research,go to lab and research,1,1,1,4,0,0,0,0,0,0
612,2022/01/15 9:30,research,go to lab and research,1,1,1,4.5,0,0,0,0,0,0
613,2022/01/15 10:00,research,go to lab and research,1,1,1,5,0,0,0,0,0,0
614,2022/01/15 10:30,research,go to lab and research,1,1,1,5.5,0,0,0,0,0,0
615,2022/01/15 11:00,research,go to lab and research,1,1,1,6,0,0,0,0,0,0
616,2022/01/15 11:30,research,go to lab and research,1,1,1,6.5,0,0,0,0,0,0
617,2022/01/15 12:00,research,go to lab and research,1,1,1,0,0,0,0,0,0,0
618,2022/01/15 12:30,research,go to lab and research,1,1,1,0.5,0,0,0,0,0,0
619,2022/01/15 13:00,research,go to lab and research,1,1,1,1,0,0,0,0,0,0
620,2022/01/15 13:30,research,go to lab and research,1,1,1,1.5,0,0,0,0,0,0
621,2022/01/15 14:00,research,go to lab and research,1,1,1,2,0,0,0,0,0,0
622,2022/01/15 14:30,research,go to lab and research,1,1,1,2.5,0,0,0,0,0,0
623,2022/01/15 15:00,research,go to lab and research,1,1,1,3,0,0,0,0,0,0
624,2022/01/15 15:30,research,go to lab and research,1,1,1,3.5,0,0,0,0,0,0
625,2022/01/15 16:00,research,go to lab and research,1,1,1,4,0,0,0,0,0,0
626,2022/01/15 16:30,research,go to lab and research,1,1,1,4.5,0,0,0,0,0,0
627,2022/01/15 17:00,research,go to lab and research,1,1,1,5,0,0,0,0,0,0
628,2022/01/15 17:30,research,go to lab and research,1,1,1,5.5,0,0,0,0,0,0
629,2022/01/15 18:00,research,go to lab and research,1,1,1,6,0,0,0,0,0,0
630,2022/01/15 18:30,research,go to lab and research,1,1,1,6.5,0,0,0,0,0,0
631,2022/01/15 19:00,research,go to lab and research,1,1,1,0,0,0,0,0,0,0
632,2022/01/15 19:30,research,go to lab and research,1,1,1,0.5,0,0,0,0,0,0
633,2022/01/15 20:00,research,go to lab and research,1,1,1,1,0,0,0,0,0,0
634,2022/01/15 20:30,research,go to lab and research,1,1,1,1.5,0,0,0,0,0,0
635,2022/01/15 21:00,research,go to lab and research,1,1,1,2,0,0,0,0,0,0
636,2022/01/15 21:30,research,go to lab and research,1,1,1,2.5,0,0,0,0,0,0
637,2022/01/15 22:00,research,go to lab and research,1,1,1,3,0,0,0,0,0,0
638,2022/01/15 22:30,research,go to lab and research,1,1,1,3.5,0,0,0,0,0,0
639,2022/01/15 23:00,research,go to lab and research,1,1,1,4,0,0,0,0,0,0
640,2022/01/15 23:30,research,go to lab and research,1,1,1,4.5,0,0,0,0,0,0
641,2022/01/16 0:00,research,go to lab and research,1,1,1,5,0,0,0,0,0,0
642,2022/01/16 0:30,research,go to lab and research,1,1,1,5.5,0,0,0,0,0,0
643,2022/01/16 1:00,research,go to lab and research,1,1,1,6,0,0,0,0,0,0
644,2022/01/16 1:30,research,go to lab and research,1,1,1,6.5,0,0,0,0,0,0
645,2022/01/16 2:00,research,go to lab and research,1,1,1,0,0,0,0,0,0,0
646,2022/01/16 2:30,research,go to lab and research,1,1,1,0.5,0,0,0,0,0,0
647,2022/01/16 3:00,research,go to lab and research,1,1,1,1,0,0,0,0,0,0
648,2022/01/16 3:30,research,go to lab and research,1,1,1,1.5,0,0,0,0,0,0
649,2022/01/16 4:00,research,go to lab and research,1,1,1,2,0,0,0,0,0,0
650,2022/01/16 4:30,research,go to lab and research,1,1,1,2.5,0,0,0,0,0,0
651,2022/01/16 5:00,research,go to lab and research,1,1,1,3,0,0,0,0,0,0
652,2022/01/16 5:30,research,go to lab and research,1,1,1,3.5,0,0,0,0,0,0
653,2022/01/16 6:00,research,go to lab and research,1,1,1,4,0,0,0,0,0,0
654,2022/01/16 6:30,research,go to lab and research,1,1,1,4.5,0,0,0,0,0,0
655,2022/01/16 7:00,research,go to lab and research,1,1,1,5,0,0,0,0,0,0
656,2022/01/16 7:30,research,go to lab and research,1,1,1,5.5,0,0,0,0,0,0
657,2022/01/16 8:00,research,go to lab and research,1,1,1,6,0,0,0,0,0,0
658,2022/01/16 8:30,research,go to lab and research,1,1,1,6.5,0,0,0,0,0,0
659,2022/01/16 9:00,research,go to lab and research,1,1,1,0,0,0,0,0,0,0
660,2022/01/16 9:30,research,go to lab and research,1,1,1,0.5,0,0,0,0,0,0
661,2022/01/16 10:00,research,go to lab and research,1,1,1,1,0,0,0,0,0,0
662,2022/01/16 10:30,research,go to lab and research,1,1,1,1.5,0,0,0,0,0,0
663,2022/01/16 11:00,research,go to lab and research,1,1,1,2,0,0,0,0,0,0
664,2022/01/16 11:30,research,go to lab and research,1,1,1,2.5,0,0,0,0,0,0
665,2022/01/16 12:00,research,go to lab and research,1,1,1,3,0,0,0,0,0,0
666,2022/01/16 12:30,research,go to lab and research,1,1,1,3.5,0,0,0,0,0,0
667,2022/01/16 13:00,research,go to lab and research,1,1,1,4,0,0,0,0,0,0
668,2022/01/16 13:30,research,go to lab and research,1,1,1,4.5,0,0,0,0,0,0
669,2022/01/16 14:00,research,go to lab and research,1,1,1,5,0,0,0,0,0,0
670,2022/01/16 14:30,research,go to lab and research,1,1,1,5.5,0,0,0,0,0,0
671,2022/01/16 15:00,research,go to lab and research,1,1,1,6,0,0,0,0,0,0
672,2022/01/16 15:30,research,go to lab and research,1,1,1,6.5,0,0,0,0,0,0
673,2022/01/16 16:00,research,go to lab and research,1,1,1,0,0,0,0,0,0,0
674,2022/01/16 16:30,research,go to lab and research,1,1,1,0.5,0,0,0,0,0,0
675,2022/01/16 17:00,research,go to lab and research,1,1,1,1,0,0,0,0,0,0
676,2022/01/16 17:30,research,go to lab and research,1,1,1,1.5,0,0,0,0,0,0
677,2022/01/16 18:00,research,go to lab and research,1,1,1,2,0,0,0,0,0,0
678,2022/01/16 18:30,research,go to lab and research,1,1,1,2.5,0,0,0,0,0,0
679,2022/01/16 19:00,research,go to lab and research,1,1,1,3,0,0,0,0,0,0
680,2022/01/16 19:30,research,go to lab and research,1,1,1,3.5,0,0,0,0,0,0
681,2022/01/16 20:00,research,go to lab and research,1,1,1,4,0,0,0,0,0,0
682,2022/01/16 20:30,research,go to lab and research,1,1,1,4.5,0,0,0,0,0,0
683,2022/01/16 21:00,research,go to lab and research,1,1,1,5,0,0,0,0,0,0
684,2022/01/16 21:30,research,go to lab and research,1,1,1,5.5,0,0,0,0,0,0
685,2022/01/16 22:00,research,go to lab and research,1,1,1,6,0,0,0,0,0,0
686,2022/01/16 22:30,research,go to lab and research,1,1,1,6.5,0,0,0,0,0,0
687,2022/01/16 23:00,research,go to lab and research,1,1,1,0,0,0,0,0,0,0
688,2022/01/16 23:30,research,go to lab and research,1,1,1,0.5,0,0,0,0,0,0
689,2022/01/17 0:00,research,go to lab and research,1,1,1,1,0,0,0,0,0,0
690,2022/01/17 0:30,research,go to lab and research,1,1,1,1.5,0,0,0,0,0,0
691,2022/01/17 1:00,research,go to lab and research,1,1,1,2,0,0,0,0,0,0
692,2022/01/17 1:30,research,go to lab and research,1,1,1,2.5,0,0,0,0,0,0
693,2022/01/17 2:00,research,go to lab and research,1,1,1,3,0,0,0,0,0,0
694,2022/01/17 2:30,research,go to lab and research,1,1,1,3.5,0,0,0,0,0,0
695,2022/01/17 3:00,research,go to lab and research,1,1,1,4,0,0,0,0,0,0
696,2022/01/17 3:30,research,go to lab and research,1,1,1,4.5,0,0,0,0,0,0
697,2022/01/17 4:00,research,go to lab and research,1,1,1,5,0,0,0,0,0,0
698,2022/01/17 4:30,research,go to lab and research,1,1,1,5.5,0,0,0,0,0,0
699,2022/01/17 5:00,research,go to lab and research,1,1,1,6,0,0,0,0,0,0
700,2022/01/17 5:30,research,go to lab and research,1,1,1,6.5,0,0,0,0,0,0
701,2022/01/17 6:00,research,go to lab and research,1,1,1,0,0,0,0,0,0,0
702,2022/01/17 6:30,research,go to lab and research,1,1,1,0.5,0,0,0,0,0,0
703,2022/01/17 7:00,research,go to lab and research,1,1,1,1,0,0,0,0,0,0
704,2022/01/17 7:30,research,go to lab and research,1,1,1,1.5,0,0,0,0,0,0
705,2022/01/17 8:00,research,go to lab and research,1,1,1,2,0,0,0,0,0,0
706,2022/01/17 8:30,research,go to lab and research,1,1,1,2.5,0,0,0,0,0,0
707,2022/01/17 9:00,research,go to lab and research,1,1,1,3,0,0,0,0,0,0
708,2022/01/17 9:30,research,go to lab and research,1,1,1,3.5,0,0,0,0,0,0
709,2022/01/17 10:00,research,go to lab and research,1,1,1,4,0,0,0,0,0,0
710,2022/01/17 10:30,research,go to lab and research,1,1,1,4.5,0,0,0,0,0,0
711,2022/01/17 11:00,research,go to lab and research,1,1,1,5,0,0,0,0,0,0
712,2022/01/17 11:30,research,go to lab and research,1,1,1,5.5,0,0,0,0,0,0
713,2022/01/17 12:00,research,go to lab and research,1,1,1,6,0,0,0,0,0,0
714,2022/01/17 12:30,research,go to lab and research,1,1,1,6.5,0,0,0,0,0,0
715,2022/01/17 13:00,research,go to lab and research,1,1,1,0,0,0,0,0,0,0
716,2022/01/17 13:30,research,go to lab and research,1,1,1,0.5,0,0,0,0,0,0
717,2022/01/17 14:00,research,go to lab and research,1,1,1,1,0,0,0,0,0,0
718,2022/01/17 14:30,research,go to lab and research,1,1,1,1.5,0,0,0,0,0,0
719,2022/01/17 15:00,research,go to lab and research,1,1,1,2,0,0,0,0,0,0
720,2022/01/17 15:30,research,go to lab and research,1,1,1,2.5,0,0,0,0,0,0
721,2022/01/17 16:00,research,go to lab and research,1,1,1,3,0,0,0,0,0,0
722,2022/01/17 16:30,research,go to lab and research,1,1,1,3.5,0,0,0,0,0,0
723,2022/01/17 17:00,research,go to lab and research,1,1,1,4,0,0,0,0,0,0
724,2022/01/17 17:30,research,go to lab and research,1,1,1,4.5,0,0,0,0,0,0
725,2022/01/17 18:00,research,go to lab and research,1,1,1,5,0,0,0,0,0,0
726,2022/01/17 18:30,research,go to lab and research,1,1,1,5.5,0,0,0,0,0,0
727,2022/01/17 19:00,research,go to lab and research,1,1,1,6,0,0,0,0,0,0
728,2022/01/17 19:30,research,go to lab and research,1,1,1,6.5,0,0,0,0,0,0
729,2022/01/17 20:00,research,go to lab and research,1,1,1,0,0,0,0,0,0,0
730,2022/01/17 20:30,research,go to lab and research,1,1,1,0.5,0,0,0,0,0,0
731,2022/01/17 21:00,research,go to lab and research,1,1,1,1,0,0,0,0,0,0
732,2022/01/17 21:30,research,go to lab and research,1,1,1,1.5,0,0,0,0,0,0
733,2022/01/17 22:00,research,go to lab and research,1,1,1,2,0,0,0,0,0,0
734,2022/01/17 22:30,research,go to lab and research,1,1,1,2.5,0,0,0,0,0,0
735,2022/01/17 23:00,research,go to lab and research,1,1,1,3,0,0,0,0,0,0
736,2022/01/17 23:30,research,go to lab and research,1,1,1,3.5,0,0,0,0,0,0
737,2022/01/18 0:00,research,go to lab and research,1,1,1,4,0,0,0,0,0,0
738,2022/01/18 0:30,research,go to lab and research,1,1,1,4.5,0,0,0,0,0,0
739,2022/01/18 1:00,research,go to lab and research,1,1,1,5,0,0,0,0,0,0
740,2022/01/18 1:30,research,go to lab and research,1,1,1,5.5,0,0,0,0,0,0
741,2022/01/18 2:00,research,go to lab and research,1,1,1,6,0,0,0,0,0,0
742,2022/01/18 2:30,research,go to lab and research,1,1,1,6.5,0,0,0,0,0,0
743,2022/01/18 3:00,research,go to lab and research,1,1,1,0,0,0,0,0,0,0
744,2022/01/18 3:30,research,go to lab and research,1,1,1,0.5,0,0,0,0,0,0
745,2022/01/18 4:00,research,go to lab and research,1,1,1,1,0,0,0,0,0,0
746,2022/01/18 4:30,research,go to lab and research,1,1,1,1.5,0,0,0,0,0,0
747,2022/01/18 5:00,research,go to lab and research,1,1,1,2,0,0,0,0,0,0
748,2022/01/18 5:30,research,go to lab and research,1,1,1,2.5,0,0,0,0,0,0
749,2022/01/18 6:00,research,go to lab and research,1,1,1,3,0,0,0,0,0,0
750,2022/01/18 6:30,research,go to lab and research,1,1,1,3.5,0,0,0,0,0,0
751,2022/01/18 7:00,research,go to lab and research,1,1,1,4,0,0,0,0,0,0
752,2022/01/18 7:30,research,go to lab and research,1,1,1,4.5,0,0,0,0,0,0
753,2022/01/18 8:00,research,go to lab and research,1,1,1,5,0,0,0,0,0,0
754,2022/01/18 8:30,research,go to lab and research,1,1,1,5.5,0,0,0,0,0,0
755,2022/01/18 9:00,research,go to lab and research,1,1,1,6,0,0,0,0,0,0
756,2022/01/18 9:30,research,go to lab and research,1,1,1,6.5,0,0,0,0,0,0
757,2022/01/18 10:00,research,go to lab and research,1,1,1,0,0,0,0,0,0,0
758,2022/01/18 10:30,research,go to lab and research,1,1,1,0.5,0,0,0,0,0,0
759,2022/01/18 11:00,research,go to lab and research,1,1,1,1,0,0,0,0,0,0
760,2022/01/18 11:30,research,go to lab and research,1,1,1,1.5,0,0,0,0,0,0
761,2022/01/18 12:00,research,go to lab and research,1,1,1,2,0,0,0,0,0,0
762,2022/01/18 12:30,research,go to lab and research,1,1,1,2.5,0,0,0,0,0,0
763,2022/01/18 13:00,research,go to lab and research,1,1,1,3,0,0,0,0,0,0
764,2022/01/18 13:30,research,go to lab and research,1,1,1,3.5,0,0,0,0,0,0
765,2022/01/18 14:00,research,go to lab and research,1,1,1,4,0,0,0,0,0,0
766,2022/01/18 14:30,research,go to lab and research,1,1,1,4.5,0,0,0,0,0,0
767,2022/01/18 15:00,research,go to lab and research,1,1,1,5,0,0,0,0,0,0
768,2022/01/18 15:30,research,go to lab and research,1,1,1,5.5,0,0,0,0,0,0
769,2022/01/18 16:00,research,go to lab and research,1,1,1,6,0,0,0,0,0,0
770,2022/01/18 16:30,research,go to lab and research,1,1,1,6.5,0,0,0,0,0,0
771,2022/01/18 17:00,research,go to lab and research,1,1,1,0,0,0,0,0,0,0
772,2022/01/18 17:30,research,go to lab and research,1,1,1,0.5,0,0,0,0,0,0
773,2022/01/18 18:00,research,go to lab and research,1,1,1,1,0,0,0,0,0,0
774,2022/01/18 18:30,research,go to lab and research,1,1,1,1.5,0,0,0,0,0,0
775,2022/01/18 19:00,research,go to lab and research,1,1,1,2,0,0,0,0,0,0
776,2022/01/18 19:30,research,go to lab and research,1,1,1,2.5,0,0,0,0,0,0
777,2022/01/18 20:00,research,go to lab and research,1,1,1,3,0,0,0,0,0,0
778,2022/01/18 20:30,research,go to lab and research,1,1,1,3.5,0,0,0,0,0,0
779,2022/01/18 21:00,research,go to lab and research,1,1,1,4,0,0,0,0,0,0
780,2022/01/18 21:30,research,go to lab and research,1,1,1,4.5,0,0,0,0,0,0
781,2022/01/18 22:00,research,go to lab and research,1,1,1,5,0,0,0,0,0,0
782,2022/01/18 22:30,research,go to lab and research,1,1,1,5.5,0,0,0,0,0,0
783,2022/01/18 23:00,research,go to lab and research,1,1,1,6,0,0,0,0,0,0
784,2022/01/18 23:30,research,go to lab and research,1,1,1,6.5,0,0,0,0,0,0
785,2022/01/19 0:00,research,go to lab and research,1,1,1,0,0,0,0,0,0,0
786,2022/01/19 0:30,research,go to lab and research,1,1,1,0.5,0,0,0,0,0,0
787,2022/01/19 1:00,research,go to lab and research,1,1,1,1,0,0,0,0,0,0
788,2022/01/19 1:30,research,go to lab and research,1,1,1,1.5,0,0,0,0,0,0
789,2022/01/19 2:00,research,go to lab and research,1,1,1,2,0,0,0,0,0,0
790,2022/01/19 2:30,research,go to lab and research,1,1,1,2.5,0,0,0,0,0,0
791,2022/01/19 3:00,research,go to lab and research,1,1,1,3,0,0,0,0,0,0
792,2022/01/19 3:30,research,go to lab and research,1,1,1,3.5,0,0,0,0,0,0
793,2022/01/19 4:00,research,go to lab and research,1,1,1,4,0,0,0,0,0,0
794,2022/01/19 4:30,research,go to lab and research,1,1,1,4.5,0,0,0,0,0,0
795,2022/01/19 5:00,research,go to lab and research,1,1,1,5,0,0,0,0,0,0
796,2022/01/19 5:30,research,go to lab and research,1,1,1,5.5,0,0,0,0,0,0
797,2022/01/19 6:00,research,go to lab and research,1,1,1,6,0,0,0,0,0,0
798,2022/01/19 6:30,research,go to lab and research,1,1,1,6.5,0,0,0,0,0,0
799,2022/01/19 7:00,research,go to lab and research,1,1,1,0,0,0,0,0,0,0
800,2022/01/19 7:30,research,go to lab and research,1,1,1,0.5,0,0,0,0,0,0
801,2022/01/19 8:00,research,go to lab and research,1,1,1,1,0,0,0,0,0,0
802,2022/01/19 8:30,research,go to lab and research,1,1,1,1.5,0,0,0,0,0,0
803,2022/01/19 9:00,research,go to lab and research,1,1,1,2,0,0,0,0,0,0
804,2022/01/19 9:30,research,go to lab and research,1,1,1,2.5,0,0,0,0,0,0
805,2022/01/19 10:00,research,go to lab and research,1,1,1,3,0,0,0,0,0,0
806,2022/01/19 10:30,research,go to lab and research,1,1,1,3.5,0,0,0,0,0,0
807,2022/01/19 11:00,research,go to lab and research,1,1,1,4,0,0,0,0,0,0
808,2022/01/19 11:30,research,go to lab and research,1,1,1,4.5,0,0,0,0,0,0
809,2022/01/19 12:00,research,go to lab and research,1,1,1,5,0,0,0,0,0,0
810,2022/01/19 12:30,research,go to lab and research,1,1,1,5.5,0,0,0,0,0,0
811,2022/01/19 13:00,research,go to lab and research,1,1,1,6,0,0,0,0,0,0
812,2022/01/19 13:30,research,go to lab and research,1,1,1,6.5,0,0,0,0,0,0
813,2022/01/19 14:00,research,go to lab and research,1,1,1,0,0,0,0,0,0,0
814,2022/01/19 14:30,research,go to lab and research,1,1,1,0.5,0,0,0,0,0,0
815,2022/01/19 15:00,research,go to lab and research,1,1,1,1,0,0,0,0,0,0
816,2022/01/19 15:30,research,go to lab and research,1,1,1,1.5,0,0,0,0,0,0
817,2022/01/19 16:00,research,go to lab and research,1,1,1,2,0,0,0,0,0,0
818,2022/01/19 16:30,research,go to lab and research,1,1,1,2.5,0,0,0,0,0,0
819,2022/01/19 17:00,research,go to lab and research,1,1,1,3,0,0,0,0,0,0